variant_id,hs_code
2050,9026108100
2233,41062290
2320,4910000000
2321,4910000000
2420,4820300000
2421,3926100000
2469,9608101000
2483,9613200000
2494,3924100090
2500,3924100090
2509,4910000000
2513,3924100090
2514,3924100090
2536,9613200000
3020,9017801000
3025,8531807000
3029,6117100000
3047,4202929890
3052,70099200
3055,90178010
3061,9506999000
3062,4201000090
3072,4202921900
3095,96091090
3103,4202129190
3115,950699900
3120,65050030
3132,4823908580
3142,4820103000
3144,6912002510
3147,96081010
3157,3926100000
3164,4202929190
3168,7616999090
3178,4202929190
3190,9608101000
3192,70099200
3195,4414900000
3200,6307909899
3201,96082000
3205,4202129990
3209,4202229090
3210,4202929890
3216,96081010000
3221,39262000
3228,4202229090
3248,6105100000
3250,4202229090
3254,3926909790
3261,9503009590
3264,6211390090
3272,6912002510
3282,65050030
3283,3924900090
3298,7326909890
3299,4202229090
3301,96099010
3307,6307909899
3311,4202929890
3316,6217100090
3317,6217100090
3321,4202929890
3322,4202929890
3323,4202929190
3329,6505003000
3330,6307909899
3337,8214100000
3338,9608500000
3340,4819500000
3342,6505009090
3356,3926909790
3357,6214300090
3365,4202929890
3382,82152010
3384,7615108090
3386,96091090
3388,4820109000
3389,4820103000
3393,4820103000
3403,82055100
3425,82141000
3429,4202921100
3437,96081010
3444,6912002910
3450,8211930000
3451,82119300
3477,4202229090
3480,4202929890
3481,4202929890
3484,82119300
3503,3926200000
3523,9608101000
3526,4202129190
3540,3926909790
3553,66019100
3564,96081010
3571,4202229090
3572,65069100
3574,6505009090
3575,6505009090
3583,7326200090
3584,3924100090
3585,8513100000
3593,3924100090
3609,90031100
3618,6117801000
3639,4820300000
3640,96081010
3641,9609901000
3643,96091010
3658,7326909890
3661,7013990090
3665,39261000
3668,4202929190
3696,9025112000
3701,5806400090
3704,95030069
3708,9608101000
3709,39261000
3714,8513100000
3720,61169900
3724,7326200090
3726,7616999099
3741,3926909790
3743,7117190090
3760,3926909790
3767,6307909899
3768,4202229090
3774,39261000
3793,82055100
3797,95051090
3805,4820103000
3816,3926909790
3833,39241000
3837,3924100090
3841,6307909899
3842,6307909899
3851,96091010
3854,6202401091
3857,7616999099
3861,96081010
3875,6202401019
3878,6505009090
3880,3926200000
3893,6912002510
3894,6912002510
3897,6211421000
3899,84719000
3900,8205510000
3911,8205510000
3920,9503007000
3922,96100000
3936,3926909790
3945,65050030
3951,6601992000
3958,96081010
3960,9608101000
3963,6912002510
3987,4202929890
4002,3924900090
4010,61169300
4014,3926909790
4028,4202321000
4034,6307909899
4037,96081010
4049,4202929190
4057,4202929190
4060,4820200000
4086,9506620000
4094,9004109100
4096,96083000
4098,3926909790
4108,3926909790
4119,4202229090
4123,6307909899
4131,4202329090
4145,3924100090
4146,3924100090
4147,42022210
4168,6211421000
4170,4202929890
4171,6307901000
4182,4202929890
4184,6109909000
4185,6109902000
4186,6109902000
4187,6109909000
4190,6504000000
4207,7326909890
4208,82055100
4214,90041099
4215,6117100000
4221,6307909899
4222,4823908580
4223,6307909899
4227,6307909899
4232,3824999699
4234,90031100
4235,4202921900
4237,96081010
4243,6307109090
4250,3307900000
4262,39262000
4264,4202221000
4270,39264000
4273,39241000
4276,3307900000
4283,3926909790
4305,8205510000
4313,6307909899
4327,39261000
4342,4820105000
4344,3926909790
4345,9608101000
4348,96081010
4355,96081010
4358,6301401000
4371,4202129190
4377,83011000
4381,3924100090
4386,6307101000
4387,6307901000
4389,8414510090
4390,6307101000
4393,66019990
4397,39264000
4402,9608101000
4403,63029390
4406,9608101000
4407,9608101000
4409,9503009590
4410,95063200
4411,95063990
4422,42022210
4424,8423822000
4435,5806321000
4439,9014100090
4442,7326200090
4443,7326909890
4455,96091090
4456,96091090
4466,4202929190
4472,6103430000
4473,6109902000
4478,4202229090
4479,65050030
4509,7323930090
4513,6302939000
4514,3926400000
4520,4202929190
4521,4202229090
4526,73269009890
4531,6217100090
4537,6302939000
4538,9404909090
4541,9404300000
4548,7616999099
4551,3926200000
4553,6302939000
4554,6302939000
4565,3924900090
4567,6302939000
4578,9506999000
4579,3926909790
4581,90041091
4582,3926400000
4586,82119300
4589,7326909890
4591,4202929190
4594,3926909790
4596,3924100090
4600,6504000000
4601,6601910000
4605,3926909790
4607,71179000
4612,4202929890
4613,4202290000
4615,3926400000
4621,4202929890
4622,4202229090
4624,8471607000
4628,8519810090
4643,9017801000
4644,4202929890
4649,9208900000
4654,8513100000
4656,7323930090
4660,9608101000
4673,6601910000
4674,66019920
4675,65050030
4676,65050030
4677,3926909790
4679,3926909790
4686,9503009500
4690,4202321000
4696,3924900090
4703,7326909890
4704,7326909890
4707,96081010
4715,6110309900
4718,6203439000
4719,6109902000
4720,6109902000
4721,6301401000
4722,6110909090
4724,62019300
4725,6109902000
4726,6109902000
4729,96081010
4730,96081010
4736,4202129990
4746,6211431000
4747,6505003000
4748,90041099
4749,6912002510
4754,6211421000
4755,6202401019
4756,6105100000
4762,3926909790
4770,6201121010
4774,4202229090
4775,4202221000
4777,4202921900
4780,4202929190
4781,4202229090
4784,8478100000
4785,8478100000
4788,4202929190
4799,90041091
4800,90041091
4804,9506999000
4805,6202401011
4807,6212900000
4812,39261000
4818,3926909790
4819,3406000000
4821,7615108090
4824,3926909790
4826,3926909790
4828,6505003000
4834,6214300090
4835,6307909899
4840,3307490090
4841,6110309900
4843,7323930090
4845,9613200000
4847,4202229090
4848,4202229090
4855,90069100
4859,4820103000
4860,4202921900
4869,4202929890
4870,62114241
4874,3926909790
4875,9617000000
4880,9617000000
4882,96081010
4883,4202929890
4887,96081010
4889,4820103000
4898,96082000
4900,6307909899
4901,6505003000
4902,65050030
4903,96081010
4907,96091090
4914,4202929890
4915,3920621999
4929,8518210000
4930,6504000000
4932,9620009900
4936,8527130000
4939,8507600090
4970,3824999299
4971,3824999699
4972,9608101000
4975,3924900090
4976,9617000000
4978,7326200090
4979,7326909890
4992,3926909790
4998,3926909790
5014,9608101000
5019,4820109000
5021,6302939000
5024,96082000
5032,9603210000
5035,8513100000
5041,4820200000
5043,7013990090
5047,6307909899
5048,9608200000
5049,90031100
5050,9004901000
5053,3304100000
5060,6307909899
5061,6307909899
5062,8205510000
5063,4202229090
5064,4202921100
5066,3926909790
5067,7616999099
5091,4202929190
5095,4202321000
5096,4202321000
5099,7615108090
5100,9617000000
5101,9617000000
5102,4202329090
5107,9505109000
5113,1209999990
5118,4820109000
5119,96081010000
5120,9608101000
5121,96081010000
5125,6117801000
5127,3926909290
5130,61171000
5131,61169900
5132,611693000
5134,9011800000
5136,6212900000
5139,9609109000
5142,8518300090
5148,8513100000
5155,4202929190
5160,8531807000
5170,3926909790
5173,4202229090
5175,7013990090
5176,7013990090
5178,4419110000
5180,4419120000
5181,4419190000
5182,6912002510
5183,6912002510
5184,6912002510
5194,6912002510
5199,8471800000
5201,8471800000
5202,8513100000
5207,85131000
5213,6301409099
5214,6307901000
5219,4016920000
5221,4202321000
5225,6505003000
5226,6505003000
5228,4202929190
5232,4202929190
5234,4202929190
5235,4202929190
5238,4202129990
5244,9004901000
5246,8525890000
5247,6109902000
5248,6109902000
5249,6109902000
5250,6109902000
5251,6109902000
5252,4202929890
5253,4202229090
5255,96081010000
5257,9503009590
5259,3926909790
5260,96081010000
5261,96081010000
5262,96081010000
5275,3926909790
5284,90041099
5287,9031808000
5290,6912002510
5291,6912002510
5292,6302939000
5298,4202990090
5299,4820200000
5300,4820200000
5301,4820105000
5302,4820105000
5307,4202929190
5311,4202921900
5313,91029100
5324,8504409590
5331,8513100000
5332,7323930090
5341,7615108090
5345,4202929890
5350,3926909790
5358,7326200090
5360,6505003000
5371,7616999099
5373,6307909899
5375,4202921900
5376,4202221000
5384,96081010000
5385,96081010000
5392,9006990000
5400,4202929190
5403,4820109000
5406,4823908580
5412,4819500000
5415,6302939000
5418,9608101000
5419,4202929190
5437,8205200000
5438,6307909899
5440,9609101000
5441,3926909790
5444,9506399000
5446,4202929190
5447,6307909899
5448,4202929890
5452,4202929890
5454,6307909899
5456,8211930000
5457,8211930000
5466,96081010000
5482,4819400000
5483,4819400000
5484,4819400000
5485,4819400000
5486,4819400000
5487,4819400000
5494,7013990090
5506,6117100000
5507,6115961000
5522,4202929890
5528,8525890000
5529,8525890000
5531,8518300090
5552,6601992000
5556,9404909000
5557,9608101000
5574,96081010000
5575,96081010000
5592,6505009090
7000,90049010
7001,90041099
7003,90049010
7065,63071010
7087,4202125000
7123,4202125000
7153,6601999000
7154,6601999000
7157,6601999000
7160,96081010
7163,96081010
7166,9608101000
7170,9617000000
7185,7117900000
7236,96091010
7248,6301409099
7286,9014100090
7291,8211930000
7292,82119300
7294,96081010
7312,71179000
7313,7117900000
7314,71179000
7331,9608101000
7333,9608101000
8012,6117100000
8016,6117100000
8017,6505009090
8025,6110309900
8072,6505003000
8080,6505003000
8085,6504000000
8086,6504000000
8088,6504000000
8094,9503009590
8096,6307909899
8097,4421999999
8100,3926909790
8225,82119300
8232,82119300
8235,82119300
8530,9013800000
8534,82060000
8538,6505009090
8584,96091090
8585,96091090
8587,9609101000
8622,6505003000
8652,4202129190
8662,6110309900
8719,96099010
8722,96091090
8772,6307909899
8774,39264000
8780,6307909899
8781,3926909790
8850,3926909790
8863,6307909899
8864,3926909790
8876,9609101000
8884,6402200000
9012,4202929190
9063,6216000000
9066,6505009090
9075,3926909790
9096,3926909790
9124,3926909790
9146,4202929190
9147,4202929190
9156,9506999000
9162,96091010
9169,3926909790
9173,3926909790
9188,4202229090
9195,6504000000
9212,6505009090
9215,6601992000
9248,6301409099
9272,7326200090
9274,7326200090
9316,4602110090
9321,39264000
9335,6505009090
9343,6402200000
9416,83025000
9417,3926909790
9459,6912002510
9486,3926200000
9487,62114390
9514,82055100
9528,8516797090
9537,9505109000
9543,90178010
9550,3926909790
9554,4202921900
9562,82119300
9566,95059000
9574,8470100000
9587,4202129190
9589,3926909790
9607,9609101000
9639,4202229090
9642,7326200090
9648,82055100
9664,3926909790
9670,39264000
9678,65069990
9691,3924100090
9696,9608101000
9718,3406000000
9727,4202929190
9728,6307909890
9735,85131000
9736,84701000
9740,3926909790
9751,4202129190
9768,32131000
9771,4202221000
9774,90178010
9800,6307909999
9830,9609101000
9831,96099010
9848,4202221000
9850,3926909790
9855,8211930000
9860,6402200000
9884,70099200
9885,9609101000
9891,7326200090
9943,9613200000
9961,3926909790
9963,3926909790
9964,4016999790
9966,1209300000
9976,4202929890
9993,90041099
9994,6307909899
2008C,5806400090
5071,8523511000
5472,9505900000
5479,9610000000
5488,9401790000
5489,9401790000
5490,6601992000
5491,7615108090
5496,3924100090
5500,8205510000
5504,6505009090
5510,6302910090
5511,3926909790
5513,7013990090
5514,4202929890
5516,3926909790
5520,6307901000
5525,9503009990
5547,9017801000
5548,8211930000
5549,8211930000
5550,8211930000
5554,6505003000
5559,3924100090
5560,3924100090
5565,6505003000
5567,4202929190
5571,7323930090
5593,4202929190
5617,9503009590
5619,3926909790
5623,6307909810
5624,4202929190
5627,7326909890
5628,4820103000
5629,4820300000
5630,4820300000
5637,4202321000
5638,3926400000
5641,3926909790
5643,9609101000
5645,4911990000
5646,3926909790
5650,3926909790
5651,3926909790
5652,8205510000
5655,7326200090
5661,9609101000
5667,4820103000
5668,4820103000
5670,96081010000
5672,4820103000
5675,8206000000
5676,8206000000
5677,8206000000
5685,6912002510
5686,6912002510
5689,7323930090
5695,3924100090
5696,4202321000
5699,3926909790
5701,4202929190
5703,4202929890
5704,3918900090
5705,4202929190
5706,6601910000
5707,6601999000
5708,3926300090
5709,3926300090
5715,9503009990
5716,9503009990
5718,9503009990
5724,4202929190
5725,4202929890
5726,4202929890
5729,4202929190
5730,5806400090
5733,7013379900
5735,96081010000
5737,4202229090
5740,3926909790
5749,3926909790
5764,8504405590
5771,8525890000
5775,8527130000
5779,8507600090
5780,3926909790
5787,8518300090
5791,96081010000
5793,3926909790
5795,4811419000
5796,7326200090
5799,6505003000
5800,3926909790
5801,3926909790
5806,9617000000
5808,4202929890
5817,6505009090
5820,95069190
5826,4201000090
5827,7323930090
5831,4202229090
5834,8513100000
5836,6912002510
5837,6912002510
5852,6307909899
7335,96081010000
7344,8519810090
7353,96081010000
5761,8542326900
5846,8523511000
5847,8523511000
5848,8523511000
5849,8523511000
5854,6109100010
5855,6109100010
5856,6109100010
5857,6109100010
5858,6109100010
5859,6109100010
5861,6109100010
5862,6105100000
5863,6105100000
5864,6110209900
5865,6110209900
5866,6110209900
5867,6109100010
5868,6109100010
5869,6109100010
5870,6109100010
5871,6105100000
5872,6105100000
5873,6109100010
5874,6109100010
5875,6105100000
5876,6105100000
5881,4504908090
5898,9505109000
5907,70099200
5913,6117100000
5914,6505009090
5916,6214300090
5918,6307901000
5926,96081010000
5934,4202321000
5938,4202221000
5939,4820103000
5940,9609101000
5949,4202929190
5960,8507600090
5964,8471800000
5975,96081010000
5980,4820103000
5981,9405612090
5984,6912002510
5999,7326909890
6001,9603293000
6005,4503900000
6007,4202329090
6009,9617000000
6015,7326909890
6019,96081010000
6027,96081010000
6045,6301401000
6048,4202929890
6049,4202929890
6052,8523511000
6125,8523511000
6128,4202929190
6140,4016100090
6143,8518300090
6151,9503004990
6156,9617000000
6160,4202921900
6162,7323930090
6163,7323930090
6164,7323930090
6165,9617000000
6166,9609101000
6167,9609101000
6168,4202929190
6169,6307909899
6170,9617000000
6172,6307909899
6179,3926909790
6181,8527130000
6182,8504405590
6184,4202129190
6185,4820109000
6186,7326909890
6196,6307909899
6198,7013911000
6199,6307909899
6200,6307909899
6201,4820105000
6203,6307909899
6204,7326200090
6205,7326200090
6209,9608200000
6213,9608101000
6215,4202929190
6218,4202929190
6219,4202229090
6220,4202929190
6221,6109902000
6222,6109902000
6223,1209999910
6224,3926909790
6226,8517620000
6229,8523511000
6233,8542326900
6236,8523511000
6240,8542326900
2549,9613200000
5879,4202929190
5883,3926909790
5889,4202929190
5901,6307909899
5904,9506919000
5905,1209999100
5917,6116930000
5919,6302600010
5920,6302939000
5922,9506999000
5923,9004109100
5924,9004109100
5935,3926909790
5942,3304100000
5948,8471607000
5972,4202929190
5982,4202929190
5983,4202929890
5986,7615108090
6006,3924100090
6014,8414599590
6018,96081010
6035,96081010000
6047,4202929190
6050,4202929890
6051,6211431000
6058,8205510000
6061,7326909890
6064,4202990090
6065,7326909890
6066,3926909790
6067,3924900090
6069,4820105000
6072,96081010000
6073,96081010000
6074,96081010000
6075,96081010000
6078,96081010000
6079,6109902000
6080,6202401091
6082,4202921900
6083,9609909000
6084,39261000
6085,3926909790
6086,8527130000
6094,8205510000
6097,8414108990
6098,8205510000
6099,8205510000
6100,8205510000
6101,8205510000
6102,6307909899
6103,6505009090
6104,9605000000
6105,6601999000
6106,4202929890
6108,4820200000
6109,4820109000
6111,7323940000
6112,9504908000
6113,9504908000
6114,6211421000
6115,4202929890
6116,6307909899
6118,4202929890
6119,4202929190
6120,4202929190
6121,4202929890
6122,4202229090
6123,4202229090
5465,6307909899
2008,5806400090
6246,8513100000
6247,8543709099
6250,9405413100
6257,8518300090
6259,8544429000
6265,8509800000
6268,9405214000
6270,7326909890
6271,8507600090
6273,8507600090
6275,4421999999
6281,9617000000
6282,7323930090
6283,9617000000
6286,6912002510
6287,6912002510
6291,3924100090
6292,3926909790
6295,6211421000
6297,3924100090
6298,9617000000
6302,8518300090
6306,7323930090
6307,8507600090
6310,7020003000
6311,6912002510
6312,6912002510
6313,6912002510
6314,7013990090
6315,6601910000
6316,6601992000
6321,96081010000
6324,3304100000
6326,4202129190
6332,9608101000
6334,9608101000
6335,9608101000
6336,9608101000
6338,4820103000
6340,4202221000
6341,4202921900
6344,4202929190
6345,4202929190
6346,9608101000
6348,3406000000
6350,9608101000
2552,9613200000
2553,9613200000
2554,3924900090
2555,3924900090
2556,3924900090
6251,4202929190
6277,4202929890
6278,9603210000
6280,7323930090
6323,7615108090
6325,3401300000
6337,6505003000
6343,4202929190
6354,90049010
6355,90049010
6358,6505003000
6359,7323930090
6360,6307909899
6361,4419190000
6362,9603210000
6366,9608101000
6367,9608101000
6368,9608101000
6373,3926909790
6374,9208900000
6375,4202229090
6378,3926909790
6379,3926909790
6380,9503009590
6381,9506999000
6382,3924900090
6386,4202929190
6387,4202929890
6388,4202929890
6389,4202929890
6390,4202929190
6391,4202929890
6392,4202929190
6393,4202929890
6394,9608101000
6395,9608101000
6396,9608101000
6398,9608101000
6399,4820109000
6400,4820103000
6401,9608101000
6402,6307901000
6404,9608200000
6405,8531109590
6406,6307909899
6407,4421999999
6408,3406000000
6409,9617000000
6410,9608101000
6411,90178010
6412,66019920
6413,8527130000
6415,6307909899
6417,9504908000
6418,9504400000
6419,9504908000
6420,6505003000
6421,6505003000
6422,4202229090
6423,4202929190
6424,4202929190
6425,6211421000
6426,4202929190
6427,6117100000
6428,4202229090
6430,4202929190
6431,4202229090
6432,4202929190
6433,4202929190
6438,4202929190
6440,6505009090
6443,9608101000
6446,8205510000
6447,3304100000
6450,6307909899
6460,6105201000
6461,6109902000
6462,6109902000
6465,6202401091
6466,6202401091
6467,3926909790
6468,3926909790
6469,6216000000
6471,4820103000
6475,4202329090
6476,4504908090
6477,8205510000
6478,8205510000
6479,8215991000
6483,3926909790
6486,7326909890
6487,4419900000
6488,7326200090
6489,3926909790
6490,3926909790
6491,8301409000
6492,6602000090
6493,4202929190
6495,9608101000
6497,9503004100
6498,4419190000
6500,6116102000
6501,6404191000
6503,9615110000
6509,4202929190
6511,8518300090
6513,4202929190
6514,8423101000
6515,8509800000
6516,9025804089
6520,8504405590
6521,8504409590
6522,8504405590
6524,8507600090
6528,8518210000
6530,7323930090
6531,7323930090
6533,8516797090
6534,8504405590
6535,8504409590
6536,8504405590
6537,8504405590
6539,8507600090
6540,8527130000
6541,8519810090
6542,8504409590
6543,9608101000
6544,8504409590
6546,8518210000
6554,7009920000
6556,4202125000
6558,6505009090
6562,3924100090
6563,3924100090
6564,3926909790
6565,9608101000
6567,9608101000
6571,3401300000
6572,4202929890
6574,8504405590
6575,3926909790
6577,4202229090
6580,7013911000
6581,7013990090
6582,7013911000
6585,6912002510
6586,6912002510
6589,39262000
6590,4905900090
6591,3926909790
6592,3926909790
6595,6307909899
6596,4202929190
6599,7013911000
6604,4820109000
6605,9608101000
6611,4819500000
6612,9608101000
6613,4421991000
6615,4504908090
6616,4820105000
6617,4820105000
6618,6505003000
6619,4202929190
6620,4202929190
6622,6307909899
6623,6307909899
6624,6307909899
6625,6307909899
6626,4202929190
6628,8518300090
6629,6307909899
6631,4823908580
6632,4202929190
6470,8523511000
6559,8523511000
6633,8523511000
6639,3401300000
6643,3401300000
2586,3923109090
6644,7326909890
2602,3923109090
6655,9608101000
6657,9608101000
6658,7326909890
2599,6117100000
2607,4202929890
6656,9608101000
6659,9608101000
6662,3926909790
6665,7323930090
6666,8518210000
6667,8504405590
6668,8504409590
6670,8543709099
6671,8543709099
6674,4202329090
6677,3924100011
6682,3917320090
6685,3926909790
6687,3926909790
6690,3926909790
6695,7323930090
6697,7326909890
6698,8509800000
6699,8504409590
6700,8518210000
6702,8504405590
6708,3924900090
6709,8504409590
2611,6307909899
2613,4202929890
6716,5609000000
6718,3401300000
6719,3401300000
6720,3401300000
6721,9608101000
6722,4820200000
6723,9608101000
6726,4202229090
6727,4202929890
6728,9608101000
6729,4820200000
6731,9608101000
6735,8504405590
6738,8518210000
6739,8504409590
6740,8504405590
6744,8504405590
6745,8518210000
6746,8517620000
6747,9102120000
6748,6301409099
6755,6105201000
6756,6202401091
6757,6202401091
6759,6202401091
6760,6109100010
6762,3926909790
6763,4820200000
6766,9609101000
6767,4202921900
6770,9608101000
6771,9608101000
6772,9608101000
6773,9608101000
6774,9608101000
6776,8518210000
6779,4503900000
6781,9503006190
6782,9503006190
6783,3824999699
6784,3304100000
6786,3926909790
6787,6601992000
6788,8205510000
6789,4016999790
6790,4008219000
6791,6914900090
6792,3406000000
6793,7009920000
6795,4421910000
6796,7326200090
6797,4421910000
6799,7013990090
6802,4419110000
6803,8211930000
6804,8211930000
6805,8211930000
6806,9105110000
6807,9025804089
6808,8518300090
6809,7326909890
6810,9004109100
6811,9004109100
6812,4202990090
6813,4202929890
6814,4202929190
6815,4202929190
6816,4202929890
6817,4202929190
6818,4202929190
6820,4202929890
6821,4819400000
6823,6307909899
6824,6307909899
6825,6307909899
6827,4202929190
6828,4202929890
6831,6211421000
6832,4202929190
6833,4202929190
6835,4202229090
6836,4202929890
6837,9608101000
6839,9608101000
6840,4202929890
6841,4202929190
6842,4202929190
6843,4202329090
6844,4202129190
6845,4202129190
6846,4202129190
6847,4202129190
6849,4202929890
6850,4202929190
6853,6307909899
6854,6505009090
6855,6116930000
6856,6117100000
6858,9617000000
6859,9617000000
6860,9617000000
6861,7323940000
6862,9617000000
6864,7013990090
6865,7013379900
6866,7013990090
6867,7013990090
6868,7013990090
6869,7013379900
6870,7013990090
6871,3924100090
6872,3924100090
6873,3924100011
6874,3924100090
6875,9617000000
6876,9617000000
6877,7323930090
6878,7323930090
6881,7615108090
6883,7615108090
6886,9608101000
6887,4419190000
6889,8543709099
6892,8507600090
6894,8504405590
6895,8504405590
6904,4421999999
6905,9610000000
6907,4910000000
6909,4202929190
6910,4202129190
6911,4202929190
6917,4202929190
6919,4202125000
6921,4910000000
6923,8507600090
6924,8544429090
6925,8544429090
6926,8518300090
6928,8504409590
6929,8504409590
6930,8518210000
6932,9504908000
6933,9504908000
6934,6505009090
6935,6117100000
6936,6301401000
6937,9608101000
6938,9608101000
6942,9609101000
6943,4202929890
6951,6803009000
6954,6211421000
6955,4503900000
6956,4414900000
6957,4504908090
1011,6117100000
1012,4823699000
1016,8505191090
1017,4823908580
1020,3304990000
1021,9504400000
1022,9504400000
1023,9504400000
1025,7326200090
1026,7326200090
1029,9004109100
1030,9004109100
1031,9004109100
1032,6505003000
1033,6505003000
1038,6504000000
1039,6505009090
1040,4202929190
1041,4202929190
1042,4202929190
1043,4202129190
1044,4202129190
1045,9617000000
1046,9617000000
1047,9617000000
1048,9617000000
1050,7323930090
1053,7013990090
1054,7323930090
1056,9617000000
1057,7323930090
1058,7323930090
1060,9617000000
1062,9603293000
1063,4419909000
1067,8215201000
1068,9617000000
1069,7323930090
1075,4503900000
1077,4503900000
1079,7323990090
1080,8513100000
1081,9620009110
1082,3926909790
1084,3926200000
1088,6601992000
1089,4202929190
1090,4202990090
1091,4202990090
1092,4202990090
1094,4202929890
1095,4202929890
1096,4202929190
1097,4202929890
1098,4202929890
1099,9506999000
1100,4202929890
1112,8211910000
1113,6912002990
1114,6306900019
1115,4421999999
1117,8716800000
1118,8716800000
1120,6306900090
1121,6306900090
1124,3924900090
1125,3924900090
1126,3924900090
1127,4419110000
1129,4419190000
1130,4202129190
1132,4202129190
1133,4820200000
1134,4820200000
1135,4820200000
1136,4202929890
1137,4202929190
1138,6307909899
1139,8504409590
1140,8471800000
1143,8518210000
1145,9405219090
1146,8518210000
1147,8509800000
1148,9105110000
1150,8504409590
1152,8504409590
1153,4202929890
1154,6211390090
1156,9506919000
1157,3924100090
1159,3924900090
1160,3924900090
1161,3924900090
1162,3924900090
1164,4202929890
1165,4202929890
1166,4202929890
1167,4202929190
1168,4202929190
1169,4202929190
1170,4202990090
1171,4202929890
1172,4202929890
1173,4202929890
1174,4202929890
1175,4202929890
1176,4202929890
1177,6307909899
1178,6307909899
1179,6307909899
1184,6302600090
1185,6302939000
1186,6601910000
1191,7117190090
1192,8518210000
1194,8504409590
1195,8518210000
1197,8504409590
1198,8471607000
1200,8516797090
1201,9105110000
1202,8544429090
1203,8544429090
1205,9102120000
1206,8504409590
1208,8205510000
1209,8504409590
1210,8423101000
1213,9017801000
1215,8206000000
1217,8512100000
1218,8206000000
1219,6601910000
1220,6601910000
1221,6301401000
1222,9403208000
1223,9608101000
1224,9608101000
1228,9608101000
1230,7321190000
6967,9506620000
6968,9506620000
6969,9506699000
6970,9404909000
6972,6307909899
6973,6307909899
6975,6505003000
6976,4202929190
6977,7615108090
6978,9506919000
6979,9506919000
6980,6302939000
6981,4202929190
6983,8214200000
6986,4202929890
6987,4202929190
6988,4202929890
6989,8205510000
6990,4202929890
6991,7323930090
6993,8205510000
6994,8211920000
6995,6802100000
6996,6802100000
6999,7013990090
1279,9506999000
1232,9403609000
1233,9105110000
1234,8507600090
1235,8523511000
1236,7009920000
1237,7009920000
1238,4420909990
1239,4421910000
1241,4419110000
1242,7013990090
1245,9608500000
1246,4820200000
1247,4202929890
1248,4202921900
1249,4202929890
1250,4202929890
1251,4503900000
1252,7013990090
1254,7013990090
1255,6912002510
1256,6912002510
1257,7615108090
1258,7323930090
1259,7323930090
1260,7013990090
1263,6114200000
1264,4202990090
1265,4202929890
1266,4202929890
1267,4202929190
1268,4202929190
1269,4202929190
1270,6211421000
1272,7323990090
1273,4820103000
1275,4202929890
1276,9609101000
1277,9608101000
1278,9608101000
7360,9617000000
7361,7323930090
7362,4202929190
7364,4202929890
2616,7117900000
2618,7326200090
2623,4202929890
2624,4202929890
2627,4202921900
2628,4819400000
2633,3924900090
2640,1209300000
2641,1209300000
2642,1209300000
2643,4823908580
2647,7013990090
2649,7013990090
2651,7013990090
1280,7013990090
1281,6912002510
1282,4503900000
1285,8544429090
1286,4503900000
1287,9608200000
1288,9609101000
1289,9609101000
1290,9608101000
1292,4820103000
1294,4420909990
1295,4820103000
2659,6912002191
2660,6912002191
7366,9608101000
7367,9608101000
7368,9608101000
1296,8504409590
2668,4419909000
2671,7013990090
1297,3926909790
1298,6109100010
1299,6109100010
1300,6110209900
1301,6110209900
1302,6110209900
1303,6110309900
1304,6110309900
1305,6110309900
1306,6110309900
1307,8523511000
1308,8523511000
1309,4819200000
1310,4819200000
1311,4821909000
1312,4909000000
1313,4819200000
1314,4819200000
1315,4819200000
1316,6109100010
1317,6109100010
1318,6109100010
1319,6109100010
1320,6109100010
1321,6109100010
1322,6109100090
1323,6105100000
1328,6109100010
1329,6109100010
1324,6109100010
1325,6109100010
1326,6109100010
1327,6109100010
1330,6109100090
1331,6105100000
1332,6109100010
1333,6109100010
1334,6105201000
1335,6105201000
1061,7323930090
1337,7323930090
1338,7013379900
1341,9617000000
1342,9504908000
1350,8504409590
1351,9405214000
1352,9405299090
1353,9405219090
1354,8504409590
1355,8504409590
1358,6912002510
1364,7615108090
1365,7615108090
1366,4421910000
1369,4820103000
1370,6912002510
1371,6301401000
1372,4421999999
1385,4421999999
1387,4820103000
1388,6602000090
1389,7013990090
1390,9617000000
1392,6307909899
1393,8215103000
1394,7013990090
1395,7323930090
1396,7326200090
1397,9603298000
1399,6211421000
1403,3924100090
1406,9608101000
1407,4820200000
1411,7326200090
1412,4820200000
1414,4820200000
1417,8471800000
1419,8504409590
1420,8504409590
1421,8518300090
1423,8471607000
1424,8507600090
1425,8504409590
1426,8518210000
1427,9405214000
1428,8504409590
1429,8507600090
1436,9102120000
1438,8504409590
1439,8504409590
1440,8504409590
1441,9506999000
1442,6505009090
1443,4202929190
1444,4202929190
1445,4202929190
1446,4202929190
1447,4202929190
1448,4202129190
1449,4202929890
1450,4202129190
1451,6307909899
1452,6307909899
1454,7323930090
1455,9609109000
1456,7323930090
1457,7323930090
1458,7323930090
1459,7323930090
1460,8205510000
1461,8518300090
1462,3926909790
1463,4202329090
1464,8544429090
1465,8507600090
1466,8507600090
1467,4202129190
1468,4202929890
1471,4202929190
1472,4202929190
1473,4419110000
1475,8513100000
1476,7323930090
1477,8214200000
1478,3926200000
1479,3924900090
1480,9617000000
1481,4202929890
1482,7323930090
1483,9504908000
1484,9608101000
1485,9608101000
1489,9609101000
1490,8215103000
1491,4202929190
1492,8518300090
1493,8205510000
1494,4820200000
1496,4819500000
1497,4819500000
1498,4421999999
1499,6110209900
2673,1209999910
2674,8505199089
2675,4910000000
2677,4421999999
2678,8505199089
2679,8205510000
2688,6602000090
2690,1209991000
2691,1209300000
2692,1209999910
2699,4820200000
2700,4820200000
2702,3406000000
2713,3924900090
2714,3924900090
2718,3303001000
1343,9017801000
1345,9102120000
1362,8507600090
1375,7616999099
1377,7326200090
1378,7326200090
1379,7326200090
1380,6105100000
1382,9617000000
1435,8507600090
1470,4202929190
1500,4421910000
1501,9603909100
1502,5609000000
1503,6307909899
1504,6302939000
1505,9504908000
1506,9504908000
1507,9503006190
1508,9503009990
1509,9506999000
1510,9506999000
1512,9504908000
1514,6302600090
1515,9503009590
1516,6601100000
1517,9503006900
1518,9504908000
1519,9504400000
1520,9504908000
1521,9504908000
1522,4911990000
1523,9503004100
1524,6211431000
1525,4202929890
1526,4202929190
1527,9205909000
1528,9205903000
1529,9503005590
1530,8206000000
1531,6504000000
1532,5806400090
1533,6505003000
1534,6505003000
1535,6505003000
1536,6505003000
1537,6505003000
1539,6505009090
1540,4420909990
1541,6307909899
1542,6307909899
1543,6307909899
1544,6307909899
1545,6307909899
1546,7013990090
1547,7013990090
1549,4819100000
1550,4819100000
1551,4819100000
1552,4819100000
1553,4819100000
1554,6307909899
1555,6307909899
1556,7326909890
1557,7326909890
1558,7326909890
1559,4819400000
1560,4819400000
1561,4819400000
1562,4821909000
1563,4202929890
1564,6307909899
1565,9506919000
1566,9506399000
1567,6306900090
1568,6306900090
1569,6306220000
1570,9404300000
1571,8215102000
1572,8215201000
1573,8513100000
1574,8306290000
1575,4202929890
1576,4202929890
1578,9609101000
1579,9017801000
1580,9609109000
1581,9608101000
1583,9031802000
1585,8211930000
1586,8211930000
1588,8211930000
1589,8205510000
1590,8211930000
1591,8205510000
1592,8205510000
1594,6307901000
1595,3926909790
1596,6307901000
1597,4202929890
1599,4503900000
1600,4202390090
1601,6302910090
1602,6402200000
1603,9004109100
1604,6307909899
1605,9004109100
1606,6307909899
1607,6307909899
1608,4421999999
1609,4420909990
1610,4202921900
1611,9401690000
1612,6307909899
1613,9004109100
1616,8205510000
1618,9017801000
1619,9017801000
1620,6307901000
1621,6307909899
1622,6307909899
1623,3926909790
1624,4503900000
1625,4421910000
1626,4202129190
1628,4202129990
1629,4202929190
1630,3304100000
1631,3304100000
1632,9603309000
1634,3924900090
1635,9603293000
1636,9603293000
1637,7009920000
1638,8214200000
1639,9603210000
1640,9603210000
1641,9603210000
1642,8212109000
1643,3401300000
1644,4420909990
1645,4202929190
1646,4202929190
1648,6307909899
1650,9019109000
1651,6307909899
1652,6307909899
1653,8205510000
1654,4419900000
1655,4503900000
1656,8509800000
1657,8205510000
1658,8205510000
1659,3824999299
1661,6404191000
1662,9617000000
1664,3926400000
1665,3304100000
1668,4202929890
1669,9013800000
1670,8505191090
1671,9608101000
1672,9608101000
1674,9608101000
1675,9608101000
1676,9608101000
1677,9608101000
1678,9608101000
1680,9609109000
1681,9608101000
1682,9608101000
1683,9608101000
1684,9608101000
1685,9608101000
1686,9608101000
1687,3406000000
1688,3406000000
1689,3307900000
1690,3307900000
1692,9105210000
1693,8211100000
1694,4419190000
1695,4419900000
1696,4419900000
1697,4421999999
1701,7013379900
1703,7013379900
1705,7013379900
1706,7013379900
1707,7013379900
1708,6307909899
1709,7013379900
1710,9405299090
1711,4202921900
1713,4419110000
1714,6211421000
1715,6211431000
1716,6216000000
1717,6216000000
1718,7009920000
1721,4202929890
1722,8215201000
1723,7323930090
1725,3924900090
1726,8414510090
1727,9608101000
1728,4420909990
1729,4602199090
1730,7323930090
1731,4202929890
1732,4202929890
1733,4202929890
1734,4202929890
1735,4202929890
1736,4202929890
1737,8215201000
1738,3924900090
1739,3924900090
1740,3924900090
1741,7323930090
1742,7323930090
1744,7323930090
1746,9405214000
1749,4419190000
1750,8205510000
1751,6402200000
1752,6402200000
1753,4202929890
1756,6912002510
1757,6912002510
1759,7013379900
1760,7323930090
1761,7323930090
1762,9617000000
1763,7615108090
1764,7615108090
1765,7615108090
1766,9617000000
1767,9617000000
1768,9617000000
1769,9617000000
1770,7323930090
1771,9617000000
1772,4602199090
1773,3406000000
1774,7013990090
1775,7323930090
1776,9617000000
1777,9617000000
1778,6912002510
1779,3924900090
1788,7013990090
1789,7013990090
1790,7013990090
1792,7615108090
1793,7615108090
1794,7323930090
1795,7323930090
1796,9617000000
1797,9617000000
1798,9617000000
1799,9617000000
1800,3924900090
1803,6601992000
1805,6116930000
1806,6117100000
1807,6505009090
1809,6307909899
1810,6601992000
1811,7013990090
1812,4202321000
1813,4202929890
1814,4202929890
1815,4202929890
1816,4202929890
1817,4202929890
1818,4202929890
1819,4202929890
1820,4202929890
1821,4202929890
1823,4202929890
1824,4202929890
1825,4202929890
1826,4202921900
1827,4202929890
1828,6307909899
1829,4202929890
1831,4202929890
1832,7323930090
1833,7323930090
1834,4202929890
1835,4202929190
1836,4202929190
1837,4202929190
1838,4202929890
1840,4202929190
1843,4202929190
1844,4202929190
1845,4202929190
1846,4202929190
1847,4202929190
1848,4202929890
1849,4202929890
1851,4503900000
1852,4202111090
1853,4202918090
1854,4202929890
1855,4202929890
1856,4202929890
1861,9401790000
1862,3926909790
1863,3926100000
1864,4823908580
1865,4823908580
1867,8470100000
1868,8504409590
1869,8471800000
1870,4016100090
1871,4016100090
1872,8479899790
1873,8516802090
1874,8305900000
1875,4910000000
1876,4421910000
1877,6307909899
1878,4820103000
1879,4421910000
1880,8305900000
1881,4421910000
1882,4421999999
1883,8470100000
1884,4820103000
1885,4820103000
1886,4820103000
1889,4820200000
1890,4820200000
1891,4820200000
1892,4820103000
1894,4202329090
1895,4202329090
1896,7326200090
1897,4202329090
1899,7326200090
1901,4202329090
1902,4202329090
1903,4202329090
1904,7616999099
1905,7616999099
1906,7326200090
1907,7326200090
1908,8205510000
1910,7326200090
1911,7326200090
1913,9506999000
1915,7326200090
1916,4503900000
1917,4202329090
1918,6115961000
1919,6115961000
1921,4202929190
1922,6307909899
1923,7615108090
1924,4202929890
1925,6912002510
1926,4820103000
1927,9608101000
1928,6307909899
1929,1206001000
1931,1209999920
1932,1209300000
1933,9609101000
1934,9609101000
1936,9617000000
1937,9617000000
1939,8509400000
1940,4820200000
1941,4202929890
1942,3926909790
1943,4420909990
1944,4820200000
1945,4820200000
1946,3926909790
1947,6601992000
1948,3926909790
1949,3926909790
1951,8504409590
1952,9013200000
1953,8544429090
1956,8471607000
1957,8518300090
1958,8504409590
1959,8518300090
1960,8518300090
1962,9106900000
1963,9025804089
1964,9105110000
1965,8504409590
1966,8518210000
1967,8518300090
1968,8504409590
1970,8504409590
1971,8518210000
1973,8507600090
1974,8518210000
1975,8504409590
1979,8544429090
1981,8544429090
1982,8504409590
1983,8518300090
1984,8518210000
1986,8471800000
1988,9105110000
1989,8518210000
1990,8507600090
1991,8504409590
1992,8471800000
1997,8527130000
1999,8518210000
2598,
2719,4819400000
2720,4819400000
2721,4819400000
2723,4820103000
2726,3307900000
2728,3307900000
2729,4819400000
2730,4819400000
2731,4819400000
6480,9617000000
6499,8302500000
6661,3304100000
6761,5806400090
7370,9608101000
7371,9608101000
7372,9608101000
7373,4202129990
7375,4202929190
7377,9617000000
7379,4820200000
7380,8518300090
7381,8518300090
7382,9608101000
7383,9608101000
7384,9608101000
7385,9608400000
7386,9608101000
7387,9608101000
7388,9608101000
7389,9608101000
7391,9608101000
8000,6109100010
8001,6109100010
8002,6109100010
8003,6109100010
8004,6109100010
8005,6109100010
8006,6109100010
8007,6105201000
8008,6105100000
8009,6109100010
8010,6110309900
8011,6110309900
8013,6110309900
8014,6110309900
8015,6203439000
1386,8523511000
6451,4202929190
6452,4202929190
6848,4202929190
6749,4202929190
6982,4202929190
2734,4820105000
2735,4820105000
20100,9505109000
20101,6505009090
20104,3406000000
20106,4503900000
20107,9504908000
20108,3924100090
20112,6404191000
20114,6505009090
20115,6117100000
20116,9505109000
20117,9505109000
20118,9505109000
20119,9505109000
20120,7013990090
20121,7013990090
20124,7013990090
20125,7013990090
20128,7323930090
20129,7323930090
20130,7013990090
20131,6802100000
20132,7323930090
20133,7326909890
20134,9503004100
20135,9503004100
20136,9503004100
20139,3304100000
20140,3304100000
20141,7326200090
20145,9609109000
20146,9609109000
20147,9609109000
20148,9608101000
20149,9608101000
20150,9608101000
20151,4503900000
20152,7323930090
20153,7323930090
20154,6307901000
20155,6505003000
20156,6307909899
20157,6505003000
20159,6301401000
20160,6601910000
20161,9504908000
20162,7013990090
20163,9617000000
20164,7013990090
20165,4820200000
20166,4820200000
20167,4820200000
20168,6102309000
20169,6102309000
20170,6102309000
20171,6102309000
20172,6102309000
20173,6202401019
20174,6202401019
20175,6202401019
20176,6202401091
20177,6110209900
20178,9603293000
20179,9019109000
20180,9608101000
20181,9608101000
20182,9609109000
20183,9609109000
20185,9608101000
20186,9608101000
20187,9608101000
20188,7326200090
20189,9504908000
20190,8513100000
20191,8205510000
20192,8205510000
20193,8513100000
20194,8513100000
20195,3924100090
20196,9617000000
20197,3924100090
20198,3924100090
20199,4202929190
20200,4202929190
20201,4202129190
20202,3824999699
20203,9617000000
20204,7013990090
20205,7013990090
20206,7615108090
20207,7615108090
20208,7615108090
20209,3924100090
20210,7615108090
20211,7615108090
20212,7615108090
20214,9617000000
20215,4202929890
20216,6307901000
20217,4820103000
20218,4820103000
20219,4820000000
20220,4820103000
20221,4820103000
20222,4820103000
20223,4820103000
20224,9608101000
20225,9608101000
20226,9608101000
20227,9608101000
20228,9608101000
20229,9608101000
20230,4820103000
20231,8513100000
20232,8513100000
20233,4820103000
20234,4820103000
20235,6912002510
20236,6601910000
20237,6601910000
20238,9617000000
20239,8304000000
20240,9105110000
20241,9105110000
20242,3926909790
20243,3926909790
20244,3926909790
20245,9620009110
20246,6307909899
20247,6307909899
20248,8507600090
20249,8518300090
20250,8504409590
20251,8507600090
20252,8471800000
20254,8518210000
20255,4421910000
20256,8518210000
20257,9617000000
20258,8544499390
20259,8544499390
20260,8544499390
20261,8544499390
20262,8518210000
20263,8518300090
20264,8504409590
20265,8504409590
20266,8507600090
20267,9105110000
20268,8518300090
20269,8471800000
20270,8504408390
20271,8507600090
20272,8517620000
20274,8504409590
20275,8544499390
20276,8471800000
20277,8507600090
20278,8504409590
20279,9105110000
20281,8504409590
20282,8504409590
20283,8507600090
20284,8471800000
20285,8544499390
20286,8523511000
20287,9608101000
20288,8518300090
20289,9608200000
20291,8544499390
20292,8544499390
20293,8518210000
20294,8518300090
20295,8518300090
3882,6301409099
2738,9031802000
2740,3924900090
2741,3924900090
2742,3926909790
2743,3926909790
2744,3926909790
2745,3926909790
2746,3926909790
2747,3924100090
2748,3926909790
2749,1209300000
2750,1211908620
2751,3924100090
2752,3924100090
2753,3924100090
2754,3924100090
2755,3924100090
2756,3924100090
2757,3924100090
2758,3924100090
2759,3924100090
2760,3924100090
2761,3924100090
2762,3924100090
7392,4202921100
7394,9608101000
7395,9608101000
20315,3926909790
20316,9603909100
20317,3926909790
20318,4421999999
20319,4421999999
20320,6307909899
20321,3926909790
20322,3926909790
20323,3926909790
20324,3926909790
20325,3926909790
20326,3926909790
20327,6307909899
20328,4201000090
20329,8512200090
20330,6307909899
20331,4421999999
20332,9506999000
20333,6307909899
20334,6301401000
20335,6117100000
20336,6301401000
20337,6117100000
20338,6117100000
20339,6116930000
20340,6601992000
20341,6601992000
20342,6601992000
20343,6601992000
20344,6601992000
20345,6117100000
20346,3926200000
20347,4420909990
20348,4420909990
20349,6307901000
20350,3926909790
20351,9404909000
20352,6307901000
20353,9605000000
20354,4202929190
20355,4202129990
20356,9605000000
20359,6307909899
20361,6404191000
20362,4202929890
20363,8423822000
20364,8504408390
20365,8509800000
20366,8516400000
20367,6601992000
20368,4911990000
20369,9506999000
20370,9609101000
20371,9609901000
20372,9609101000
20373,9504908000
20374,9609109000
20375,9609109000
20376,8214100000
20377,8214100000
20378,9017801000
20379,9017801000
20380,9609101000
20381,9208900000
20382,8531807000
20383,9504908000
20384,8543709099
20385,9503009590
20387,9609101000
20388,9610000000
20389,3924100090
20391,9603210000
20392,9603210000
20393,4202929190
20394,9503006190
20395,9503006190
20396,9503006190
20397,9504908000
20398,9504908000
20399,9503006190
20400,9503004100
20401,4420119000
20402,9504908000
20403,9504908000
20404,9506999000
20405,9504908000
20406,9609101000
20407,9609901000
20408,4911990000
20410,9503004100
20411,9503004100
20412,6111209000
20413,3926909790
20414,3926909790
20415,3926909790
20416,4420909990
20417,3926909790
20418,7326200090
20421,8205200000
20422,3307900000
20423,3926909790
20424,3926909790
20425,3926909790
20426,4202929190
20427,6302939000
20428,6302939000
20429,4202929190
20430,6117801000
20431,8206000000
20432,6110309900
20436,8512100000
20437,8512100000
20438,8512100000
20439,4202921900
20442,4202929890
20443,4202929890
20444,4202921900
20445,6117801000
20446,3924900090
20447,3924900090
20448,3924900090
20449,3924900090
20450,6116930000
20451,9506620000
20452,9019101000
20453,4202929190
20454,4202229090
20455,9014100090
20456,7323930090
20457,9617000000
20458,8205510000
20459,4202929890
20460,6306900090
20461,6306900090
20462,4202929890
20463,4202929890
20464,4202929190
20465,4202221000
20466,4202221000
20467,4202929190
20469,4419190000
20470,8215201000
20471,7326200090
20472,8205510000
20474,8205510000
20475,8201100000
20477,8205510000
20478,8513100000
20479,9017801000
20480,8205909000
20481,8205510000
20482,8205510000
20483,8206000000
20484,8211930000
20485,8513100000
20486,8513100000
20487,8513100000
20488,8513100000
20489,8513100000
20490,8513100000
20491,8513100000
20493,8206000000
20494,9017801000
20495,8205510000
20497,8513100000
20498,8205400000
20499,8211930000
20500,9017801000
20501,8211930000
20503,8205510000
20505,6117801000
20506,6505003000
20507,6505003000
20508,8205510000
20509,6912002510
20510,7013379900
20511,7013379900
20512,7013379900
20513,6912002510
20514,7013990090
20515,7013990090
20516,7013379900
20517,6912002510
20518,6912002510
20519,6912002510
20520,6912002510
20521,6912002510
20522,6912002510
20523,6912002510
20524,7013379900
20525,7013379900
20526,4202921900
20527,4202929890
20528,4202929190
20529,4202929190
20530,4202929190
20531,4202929190
20533,4202929190
20534,4202929190
20535,4202929190
20536,4202929190
20537,4202929190
20538,4202929190
20539,4202929190
20543,6307901000
20544,9603309000
20545,8509800000
20546,9603210000
20547,3926909790
20548,3926909790
20551,3824999299
20552,3824999299
20553,3824999299
20554,6117801000
20555,7009920000
20556,9615190000
20557,7009920000
20558,9019109000
20559,9603293000
20560,3924900090
20561,9019109000
20562,9019109000
20563,9019109000
20564,9019101000
20565,9603309000
20566,3926909790
20567,3304100000
20568,3304990000
20569,3304100000
20570,3304100000
20572,4419190000
20573,3924100090
20574,8211920000
20575,4504908090
20576,8479899790
20578,8205510000
20579,6912002510
20580,4419190000
20581,8210000000
20582,3924100090
20583,7323930090
20584,8205510000
20585,4419120000
20586,8214900000
20587,6307909899
20588,6307909899
20589,8423101000
20590,4419110000
20591,4419110000
20592,6912002990
20593,8211100000
20594,8205510000
20595,8211920000
20596,4419110000
20597,8505191090
20598,6302600010
20599,6302600010
20600,3406000000
20601,3406000000
20602,3406000000
20603,3406000000
20604,3406000000
20605,3926400000
20606,4414900000
20607,9405219090
20608,7013990090
20609,8513100000
20610,4202929890
20612,3924900090
20613,9617000000
20614,9617000000
20615,3924100090
20616,7323930090
20617,4202929890
20619,3924900090
20620,4202929890
20621,4202929890
20622,4202929890
20623,4202929890
20624,4202929890
20625,6307909899
20626,8512200090
20627,3926909790
20628,3926909790
20629,3924100090
20630,3924100090
20631,3924100090
20632,3926909790
20633,3926909790
20634,4202229090
20635,6214300090
20636,7117190090
20637,7117190090
20638,3926909790
20639,3926909790
20640,9608101000
20641,9608101000
20642,9608101000
20643,9608101000
20644,9608101000
20645,9608101000
20646,9608101000
20647,9608101000
20648,9608101000
20649,9608101000
20650,9608101000
20651,9608101000
20652,9608101000
20653,9608101000
20654,9608101000
20655,9608101000
20656,9608101000
20657,9608101000
20658,9608101000
20659,9608101000
20660,9608101000
20661,9608101000
20662,9608101000
20663,9608101000
20664,9608101000
20665,9608101000
20666,9608101000
20667,9608101000
20668,9608101000
20669,9608101000
20671,9608101000
20672,9608200000
20673,9608101000
20674,9608101000
20675,9608101000
20676,9608101000
20677,9608101000
20679,9608101000
20680,9609109000
20681,9609101000
20683,9608500000
20684,9608500000
20685,9608101000
20698,4421999999
20699,3307490090
20700,6214300090
20701,9617000000
20702,3924900090
20703,9617000000
20704,9617000000
20705,9617000000
20706,7323930090
20707,9617000000
20708,9617000000
20709,9617000000
20710,9617000000
20711,9617000000
20712,9617000000
20713,9617000000
20714,9617000000
20715,9617000000
20716,7615108090
20717,7615108090
20718,9617000000
20719,9617000000
20720,9617000000
20721,3924100090
20722,7615108090
20723,3924100090
20724,3924100090
20725,3924100090
20726,7013990090
20727,7013990090
20728,3924100090
20730,9617000000
20731,9617000000
20732,9617000000
20733,9617000000
20734,9603909900
20736,8509800000
20737,8414592590
20738,9617000000
20739,9506999000
20740,6307901000
20741,4202929890
20743,8513100000
20744,6307901000
20745,8414510090
20746,5609000000
20747,3926909790
20748,9603909900
20749,9608109200
20750,3926909790
20751,6214900019
20752,6214300090
20753,6302910090
20754,6214900019
20755,4202929890
20756,4202929890
20757,4202929890
20758,4202929890
20759,4602199090
20760,4202221000
20761,6307901000
20762,6307909899
20763,6307909899
20764,9004109100
20765,8414510090
20766,8414510090
20767,8414510090
20769,8509800000
20770,4202929890
20771,4202929890
20772,4202929890
20773,4202929190
20774,4202929190
20775,4202929890
20776,4202929190
20777,4202929890
20778,6307909899
20779,6307909899
20780,4202929890
20781,4202929890
20782,6214300090
20783,9617000000
20784,9617000000
20785,4420909990
20786,8205510000
20787,8205510000
20789,7323930090
20790,8205510000
20791,8509800000
20792,8205510000
20793,7323930090
20794,3824999299
20795,7323930090
20796,7323930090
20797,8215991000
20798,8215991000
20799,7323930090
20800,7323930090
20801,7323930090
20802,7323930090
20805,3924100090
20806,4421910000
20807,7323930090
20808,7323930090
20809,8205510000
20810,8205510000
20811,8205510000
20812,8205510000
20813,9610000000
20814,9610000000
20815,4421999999
20816,4421999999
20817,4419900000
20818,7323930090
20819,4419190000
20820,4419190000
20821,6404191000
20822,6504000000
20823,6504000000
20824,6504000000
20825,6505003000
20826,6505003000
20827,6505003000
20828,6505003000
20829,6505003000
20830,6505003000
20831,6505003000
20832,6505003000
20833,6505003000
20834,6505003000
20835,6505003000
20836,6505003000
20837,6505003000
20838,6505003000
20839,6505003000
20840,6505003000
20841,6505009090
20843,8504409590
20844,8507600090
20845,8544429090
20846,8504409590
20847,4820200000
20848,8527130000
20850,8507600090
20851,8504409590
20852,8504409590
20853,8471800000
20854,8544499390
20855,8518210000
20856,8507600090
20857,8507600090
20858,8501710000
20859,8501710000
20860,6307909899
20861,8504409590
20862,9405214000
20863,8471607000
20864,8543709099
20865,9405219090
20866,8518300090
20867,3926909790
20868,8415820099
20869,8415820099
20870,8471607000
20871,8518300090
20872,8518300090
20873,8518300090
20874,8518300090
20875,9105110000
20876,8504409590
20877,8518100090
20878,8513100000
20879,8471800000
20881,4202929190
20882,4202929190
20883,4202929190
20884,4202929190
20885,4202921100
20886,4202921100
20887,4202921100
20889,4202929190
20890,4202929190
20891,4202929190
20892,4202929890
20893,4202229090
20894,4202929190
20895,4202929190
20896,4202229090
20897,4202229090
20898,4202929890
20899,4202929890
20900,4202929190
20901,4202929190
20902,4202929890
20903,4202929190
20904,4202929190
20905,4202929190
20906,4202929190
20907,4202929190
20908,4202929190
20909,4202929890
20910,3307490090
20911,8479899790
20913,8509800000
20915,4820103000
20916,4504908090
20917,4504908090
20918,3926909790
20919,8305900000
20920,4820103000
20921,4820103000
20922,4202929890
20923,4202929890
20924,9608200000
20925,3924900090
20926,8304000000
20927,4202929890
20929,5609000000
20930,6307909899
20931,3926909790
20932,4202929890
20933,4202129190
20934,4202929890
20935,4820200000
20936,4820200000
20937,4820103000
20938,4820103000
20939,4820103000
20940,4820103000
20941,4820103000
20942,4820103000
20943,4820200000
20944,4820200000
20945,4820200000
20946,4820200000
20947,4820103000
20948,4820103000
20949,4820200000
20950,4820103000
20951,4820103000
20952,4820200000
20953,4820200000
20954,4820200000
20955,4820103000
20956,4820200000
20957,4820200000
20958,4820103000
20959,4820103000
20960,4820103000
20961,4820103000
20962,4820103000
20963,4820200000
20964,4820103000
20965,4820103000
20966,4820103000
20967,4820103000
20968,4820103000
20969,4820300000
20970,9609101000
20971,4823908590
20972,1209300000
20973,1209300000
20974,6214300090
20975,6307909899
20976,8505191090
20977,9503009590
20978,4414900000
20979,9506999000
20980,9504400000
20981,9504400000
20982,9504908000
20983,8513100000
20984,8513100000
20985,8513100000
20986,8513100000
20987,8205510000
20988,9503008500
20989,9503008500
20990,9503008500
20991,9503009590
20992,7323930090
20993,8205510000
20994,8211930000
20995,8205510000
20996,8205510000
20997,8205510000
20998,8513100000
20999,3926909790
21000,8205510000
21001,8513100000
21002,7326200090
21003,7326200090
21004,7326200090
21005,4202321000
21006,7326200090
21007,7323930090
21008,7326200090
21009,8211930000
21010,8211930000
21012,7326200090
21013,8525890000
21014,8525890000
21015,8518210000
21016,8507600090
21017,8528590090
21018,8519890000
21019,8806221000
21020,8518210000
21021,9025804089
21022,9025804089
21023,8507600090
21024,8510200000
21025,8504408390
21026,9617000000
21027,9617000000
21028,9617000000
21029,9617000000
21030,9617000000
21031,8518300090
21033,8504408390
21036,8544499390
21037,8544499390
21038,8518300090
21039,8507600090
21040,8504409590
21041,8471800000
21042,8544499390
21043,8544499390
21046,4202929190
21047,4202929190
21048,4202929890
21049,7326200090
21050,4820200000
21051,3924100090
21052,9004109100
21053,3924100090
21054,4202929190
21055,4202929890
21056,7326200090
21057,7326200090
21058,7615108090
21059,8504409590
21060,8205510000
21061,4820103000
21062,4820200000
21063,3926909790
21064,9608101000
21065,9617000000
21066,7326200090
21067,7326200090
21068,9405214000
21069,8472908000
21070,8470100000
21071,4820200000
21072,4202329090
21073,4202329090
21074,7326200090
21075,9608101000
21076,9608101000
21077,9609109000
21078,9609109000
21079,9608101000
21080,9608101000
21081,9608101000
21082,9608101000
21083,9608101000
21084,9608101000
21085,9608101000
21086,9608400000
21087,9608400000
21088,9609101000
21089,9609101000
21090,9609101000
21091,6912002510
21092,6912002510
21093,4820200000
21094,4202929190
21095,6110309900
21096,6402993900
21097,6402200000
21098,8211920000
21099,8205510000
21100,6912002990
21101,7013990090
21103,8518210000
21104,8211920000
21111,6110309900
21112,6404199000
21113,6404199000
21114,4202929190
21115,4202929190
21117,9608101000
21118,9608101000
21119,4820200000
21120,9608101000
21121,6601910000
21122,9608101000
21123,9617000000
21124,8205510000
21125,9608101000
21126,9608101000
21127,9608101000
21129,4202125000
21130,4202929890
21131,4202929890
21132,4202929890
21133,4202929890
21134,4202929890
21135,3926100000
21136,4504908090
21137,6109100010
21138,6109100010
21139,6109100010
21140,6109100010
21141,6109100010
21142,6109100010
21143,6105100000
21144,6105100000
21145,6105201000
21146,6202401091
21147,6202401091
21148,6202401091
21149,6109902000
21150,6109902000
21151,6109902000
21152,6109902000
21153,6105201000
21154,6105201000
21155,6109902000
21156,6109902000
21157,6109902000
21158,6109902000
21159,6109902000
21160,6109902000
21161,6109902000
21162,6109902000
21163,6109902000
21164,6109902000
21165,6505009090
21166,6505009090
21167,6117100000
21168,6505009090
21169,9506999000
21170,9503009590
21171,7117900000
21172,9617000000
21173,4202229090
21174,3926909790
21175,3926909790
21176,3926909790
21177,4202929890
21178,6109100010
21179,6109100010
21180,6109100010
21181,6105100000
21182,6105100000
21183,9608400000
21184,5609000000
21185,8544499390
21186,8504409590
21188,8518100090
21191,8504409590
21192,8507600090
21193,8504409590
21194,8504409590
21195,8507600090
21196,8471607000
21198,8471800000
21199,8518210000
21200,8504409590
21202,8544499390
21204,8504409590
21205,8471800000
21206,8504409590
21207,8504409590
21208,8471800000
21210,8523511000
21212,8523511000
21213,8523511000
21214,8523511000
21215,8523511000
21216,8523511000
21217,8523511000
21219,8507600090
21223,8507600090
21225,8528620000
21226,8414510090
21227,8211930000
21228,8211930000
21229,8211930000
21230,8211930000
21231,8211930000
21232,8211930000
21233,8211930000
21234,8423812900
21235,8423812900
21236,8423812900
21237,9025190090
21238,9025804089
21239,9025118090
21240,9025804089
21241,9017300000
21242,9027899000
21243,9015802000
21244,3926909790
21245,3926909790
21246,3924900090
21247,6307909899
21248,4202929890
21249,9013800000
21250,9013800000
21251,9013800000
21252,9013800000
21253,9013800000
21254,9013800000
21255,9002110090
21256,9013800000
21257,9013800000
7396,96081010000
21258,4202929190
21259,8507600090
21260,4202929190
21261,9505109000
21262,4202929890
21263,7326200090
21264,7326200090
21265,9504908000
21266,9206000000
21267,3926909790
21268,9505109000
21269,4802690000
21270,4820900000
21271,8523511000
21272,6912002510
21273,9505109000
21274,4419110000
21275,6116930000
21276,6115961000
21277,6505009090
21278,6301401000
21279,4910000000
21280,6505009090
21281,6505003000
21281,6505003000
21282,6117808000
21283,6116930000
21284,6505009090
21285,4910000000
21287,4820105000
21288,4820105000
21289,4820105000
21290,4820105000
21292,4820105000
21295,6110309900
21296,6102309000
21297,6110209900
21298,6110209900
21299,6110209900
21300,6109100090
21301,6109100090
21302,3304100000
21303,3304100000
21304,3304100000
21305,9609109000
21306,8205510000
21307,8205510000
21308,8507600090
21308,8507600090
21309,4820200000
21311,4820200000
21312,4820200000
21313,7326200090
21315,8539520000
21316,6601910000
21317,2106909285
21318,2106909285
21319,9608101000
21322,8544429090
21323,8544429090
21324,8504409590
21325,8543709099
21326,4504908090
21327,8471607000
21328,8471800000
21329,8471800000
21330,3926909790
21331,8507600090
21333,7009920000
21335,3924100090
21336,9617000000
21337,9617000000
21338,3924100090
21339,9617000000
21340,7615108090
21341,3924900090
21342,9617000000
21343,7326200090
21344,4202921100
21345,8509400000
21346,9102120000
21347,9617000000
21348,9617000000
21349,9617000000
21350,8527190000
21351,9608101000
21352,9617000000
21353,8507600090
21354,9620009110
21355,8504409590
21356,8507600090
21357,9405214000
21358,8518210000
21359,8518210000
21360,8507600090
21361,9405219090
21362,9405219090
21364,8504409590
21365,6601910000
21366,8509400000
21367,4202921100
21368,4202929890
21369,4202929890
21370,4202221000
21371,4202121100
21372,4202921100
21373,4202921100
21374,9608101000
21375,7117900000
21376,7117900000
21377,9608101000
21378,4820200000
21378,4820200000
21379,4820103000
21380,9405423990
21381,8518210000
21382,8518210000
21383,4421910000
21384,4421999999
21385,4910000000
21386,9617000000
21387,9617000000
21388,9617000000
21389,9617000000
21390,8504409590
21392,4202929190
21393,4202929190
21394,4820200000
21395,4202229090
21396,9617000000
21397,4820200000
21398,9617000000
21399,9617000000
21400,9617000000
21401,4820200000
21402,4202921100
21403,3304100000
21404,4202921100
21405,9608101000
21406,4820200000
21407,9608101000
21408,4202921100
21409,9617000000
21411,9608101000
21412,4202921100
21413,6202401091
21414,6202401091
21415,6110309900
21416,6110309900
21417,6202401011
21419,4202929890
21421,3924900090
21430,4202929190
21422,6117808000
21423,6117808000
21424,4202929190
21425,3926200000
21426,9617000000
21427,9617000000
21428,6103430000
21429,6103430000
21431,6505009090
21432,6505003000
21433,6505003000
21434,6505009000
21435,6505003000
21436,6505003000
21437,6505003000
21438,6505003000
21439,6505003000
21440,3926909790
21442,6504000000
21443,6504000000
21444,4202929890
21445,4202929890
21446,9609101000
21447,4420190000
21448,4414900000
21449,9503009990
21450,9004109100
21451,3926909790
21452,9609109000
21453,4820103000
21454,9609101000
21455,3926909790
21456,7326200090
21457,9503009590
21458,9017801000
21459,6211431000
21460,6307901000
21461,9503004100
21462,7326200090
21463,9503004100
21464,6505009090
21465,9503004100
21466,6307909899
21467,6307909899
21468,4823908580
21469,6307909899
21470,6307909899
21471,6307909899
21472,9004109100
21473,9004109100
21474,9004109100
21475,9004109100
21476,6307901000
21487,6402993900
21478,6404199000
21479,6405209900
21480,9503007590
21481,9506999000
21482,8414592590
21483,8414592590
21486,8414592590
21488,4202929890
21489,4202929890
21490,6214300090
21491,4202929890
21492,4202929890
21493,4202929890
21494,4202929890
21495,3304990000
21496,3304990000
21497,6214300090
21498,6214300090
21499,6302600010
21500,6302939000
21502,6214900019
21503,7616999099
21504,6307901000
21505,9404909000
21506,3926909790
21507,8301100000
21508,9105210000
21509,9105210000
21510,9105210000
21511,3406000000
21512,8414592590
21513,3926909790
21514,3926909790
21515,3926909790
21516,4421999999
21517,3926909790
21518,3926909790
21519,6601992000
21520,6505003000
21521,6601992000
21522,3926909790
21523,6307909899
21524,9505900000
21525,9505900000
21526,9505900000
21527,9505900000
21528,9505900000
21529,9505900000
21530,9505900000
21531,9208900000
21532,9505900000
21533,7615108090
21534,3924100090
21535,3924100090
21536,3924100090
21537,3924100090
21538,7013990090
21539,6803009000
21540,7117190090
21541,7117190090
21542,7013990090
21543,7013990090
21544,7013990090
21545,9617000000
21546,3924100090
21547,9617000000
21548,7323930090
21549,7615108090
21550,7615108090
21551,9617000000
21552,3924100090
21553,9617000000
21554,7013990090
21555,9617000000
21556,9617000000
21558,3924100090
21559,7323930090
21560,6912002510
21561,6912002510
21562,6912002510
21563,9617000000
21564,7013379900
21565,6912002510
21566,9617000000
21567,3924100090
21568,9617000000
21569,8215201000
21570,4202929890
21571,4202929890
21572,4202921900
21573,4419900000
21574,4419900000
21575,9617000000
21576,3304100000
21577,9603293000
21578,4818201000
21579,3926909790
21580,9603293000
21581,9616200000
21582,9019109000
21583,3926909790
21584,3926909790
21585,3926909790
21586,3926909790
21587,3926909790
21588,4202929190
21589,4202929190
21590,4202929190
21591,4202921900
21592,3006500000
21593,3006500000
21594,9019209000
21596,3304100000
21597,9603210000
21598,9608101000
21599,9608101000
21600,9609109000
21601,9608101000
21603,9609101000
21604,9608101000
21605,9608101000
21606,9608101000
21608,9608101000
21609,9608101000
21610,9608101000
21611,9608101000
21612,9608200000
21613,4202929890
21614,4202929890
21615,4202929890
21616,4202929890
21617,4202929890
21618,4202929890
21619,4202929890
21622,4202921900
21624,4202929890
21625,4202929890
21626,4202929890
21627,4202921900
21628,4202929890
21629,4202929890
21630,4202929890
21631,4202929890
21632,4202929890
21633,3924100090
21634,9609101000
21635,4202921900
21636,4202929190
21637,4202929190
21638,4202929190
21639,4202929190
21640,4202929190
21641,4202929190
21642,4202929190
21643,4202929190
21644,4202929190
21645,4202929190
21646,4202921100
21647,4202229090
21648,4202929890
21649,4202929890
21650,4202929890
21651,4202929890
21652,4202929890
21653,4202929890
21654,4820200000
21655,4820200000
21656,4820200000
21657,4820200000
21658,4820200000
21659,4820103000
21660,4820103000
21661,4820103000
21662,4820103000
21663,4820103000
21664,4820103000
21665,4202321000
21666,9017801000
21667,8205510000
21668,8205510000
21669,9017801000
21670,8211930000
21671,8513100000
21672,8513100000
21673,8205510000
21674,9017801000
21675,9017801000
21676,8211930000
21677,6601992000
21678,6307909899
21679,9005100000
21680,8513100000
21681,8205510000
21682,8205400000
21683,8508110000
21684,6110309900
21685,6110309900
21686,6216000000
21687,9013200000
21688,8424897000
21689,4419190000
21690,8215201000
21691,7323930090
21692,6302600090
21693,8205510000
21694,6307909899
21695,8505119099
21696,3926909790
21697,6307901000
21698,4202921900
21699,4202129190
21700,3926100000
21701,6307909899
21702,9603293000
21703,3924100090
21704,9609109000
21705,9609109000
21706,4819200000
21707,4819200000
21708,4819200000
21709,4503900000
21710,6912002510
21711,9031802000
21712,7323930090
21713,4016999790
21714,7323930090
21715,7615108090
21716,7323930090
21717,7615108090
21718,4202329090
21719,4202929890
21720,4202929890
21721,6211431000
21722,7009920000
21723,7117190090
21724,9617000000
21725,9617000000
21726,7323930090
21727,8205510000
21728,8509800000
21729,8205510000
21730,7323930090
21731,7323930090
21733,4420909990
21734,8531109590
21735,8531807000
21736,7326200090
21737,9608101000
21738,8205510000
21739,7326200090
21740,7326200090
21741,3926909790
21742,3926909790
21743,3926909790
21744,9617000000
21745,9617000000
21746,3926909790
21747,3926909790
21748,3926909790
21749,8205510000
21750,7326200090
21751,8513100000
21752,6115961000
21753,7616999099
21754,7117900000
21755,7117900000
21756,8205510000
21757,8205510000
21758,7326200090
21759,9608200000
21760,8507600090
21761,8507600090
21762,8507600090
21763,8504409590
21764,8516802090
21765,8516802090
21766,8519810090
21767,8544429090
21768,8544429090
21769,8507600090
21770,8471800000
21771,8504409590
21773,8518300090
21774,8544429090
21775,8544429090
21776,8518300090
21777,7323930090
21778,4202929190
21779,3924100090
21782,4202921100
21783,9405413100
21784,9608101000
21785,9608101000
21786,9608101000
21787,9608101000
21788,9608101000
21789,4820103000
21790,6307909890
21791,4820103000
21792,9608101000
21794,9608101000
21795,3920621999
21796,6214900019
21797,9608200000
21798,4820103000
21799,9609101000
21800,6302600010
21802,4202929890
21803,4202929890
21804,4202929190
21806,9004109100
21807,6504000000
21808,8504409590
21810,8211930000
21811,8211930000
21812,8211930000
21813,4202929890
21814,8211930000
21815,9013808000
21816,9011100000
21817,3926909790
21818,3926909790
21819,3924900090
21820,4202929890
21821,4202929890
21822,4202929890
21823,4202929890
21824,4202929890
21825,4202929890
21826,4202929890
21827,4202929890
21828,6404199000
21829,6102309000
21830,6103490010
21831,6103420000
21832,6103420000
21833,6103420000
21834,6109909000
21835,6110309900
21836,6105100000
21838,6105100000
21839,6109100010
21840,6109100010
21841,6109100010
21842,6109100010
21843,6109100010
21846,7323930090
21847,7323930090
21848,7013379900
21849,8211930000
21851,9615190000
21852,9615190000
21853,9615190000
21854,9503009590
21855,6307909899
21857,3926909790
21858,3926400000
21859,3926400000
21860,8518300090
21861,6307901000
21862,8518210000
21863,8518300090
21864,8414592590
21865,8519810090
21866,3924100090
21867,4202921900
21868,4202929890
21869,3926909790
21870,9405214000
21871,8507600090
21872,8504409590
21873,9613800000
21874,6307901000
21876,8531807000
21877,8517620000
21878,9025118090
21879,6601910000
21880,4202221000
21881,4202929190
21882,9617000000
21883,6302939000
21884,8544429090
21885,4820200000
21886,8544429090
21887,9405214000
21888,4202929890
21889,9617000000
21890,7615108090
21891,7326200090
21893,4820200000
21894,9617000000
21895,9617000000
21896,9617000000
21897,4820200000
21898,9405214000
21899,4202921900
21900,8518210000
21901,4202929190
21902,7323930090
21903,4820103000
21904,7326200090
21905,8513100000
21906,4202229090
21907,6307909899
21908,8504409590
21909,6109902000
21910,9617000000
21911,4202929190
21912,8205510000
21914,9617000000
21915,9617000000
21916,6912002510
21917,8205510000
21918,6505009090
21919,9608101000
21920,4202921900
21921,8304000000
21922,9609109000
21923,9609109000
21924,7616999099
21925,4820200000
21926,4820200000
21927,9617000000
21928,9617000000
21929,4202125000
21930,4202921900
21931,4202921900
21932,4202921900
21933,4202929190
21934,4202921100
21935,4202921100
21936,3926909790
21937,9506999000
21938,8518300090
2763,1209300000
21940,8504408390
21941,6307909899
21942,6307909899
2764,8517699000
21943,4202921900
21944,4202929890
21946,8471607000
21947,8518300090
7397,9608101000
21939,6404199000
21948,4202921100
2765,1209991000
21949,8517699000
21950,3926909790
22009,4202125000
21957,6201401011
21958,6201401011
21959,6201409011
21960,6201409011
21987,6201409011
22002,3406000000
21963,4820105000
21969,4820109000
21979,9617000000
21990,4202921100
22014,4202921100
21983,8527190000
21999,9013808000
21953,6110209900
21955,6110209900
21954,6110209900
21956,6110209900
21961,6106100000
21962,6106100000
21982,9617000000
21951,6110209900
21952,6110209900
21980,9617000000
21991,9617000000
22012,4202929190
21972,4820200000
21965,9505109000
21970,4820103000
21971,4820103000
22011,4820200000
21996,4820105000
21966,9503009590
21968,3824999299
21975,8513100000
21981,7009920000
21985,4202929890
21994,8544429090
21977,8507600090
22007,6117100000
21997,7009920000
21967,7323930090
21986,9617000000
21976,9608101000
21978,9609109000
22010,7326200090
21988,9608101000
21998,8305900000
21964,9608101000
22003,3926909790
22000,4202921900
22005,9617000000
22006,7323930090
22008,9617000000
21992,4202321000
21993,8544429090
21995,4820103000
21989,4202929190
22001,9617000000
22004,8544429090
22013,4202921900
22016,5609000000
22017,8544429090
22018,3924100090
22045,4202125000
22256,7321190000
22180,8528620000
22176,9617000000
22218,7013990090
22219,7013990090
22159,4202921100
22082,4202921100
22151,7616999099
22220,4420909990
22221,7013990090
22222,7616999099
22110,
22029,3924900090
22245,6912002510
22081,4202929190
22054,8509400000
22052,7323930090
22199,4202921900
22083,4202929190
22053,4202921100
22192,8513100000
22144,4202929890
22228,6601992000
22167,9019101000
22184,8518500090
22189,3924900090
22084,4202929890
22048,4202929190
22161,8536699099
22163,8536699099
22162,8536699099
22093,4419110000
22094,4419110000
22041,9617000000
22060,3924900090
22061,3924900090
22080,4202929190
22039,6214900019
22113,6214900019
22064,6601910000
22216,4202929190
22242,6912002510
22241,6912002510
22225,6912002510
22223,6912002510
22160,6912002510
22051,6912002510
22257,6912002510
22224,6912002510
22247,9506590000
22258,6912002510
22253,6912002510
22070,8513100000
22062,9617000000
22077,9504908000
22075,4820103000
22089,4202929890
22079,4202929890
22233,4202929190
22127,9506620000
22186,9031802000
22232,8519810090
22170,8513100000
22037,9609909000
22128,9617000000
22122,4820200000
22050,7323930090
22068,4820103000
22078,3924900090
22057,4820103000
22123,4820200000
22124,3924100090
22237,4820200000
22030,3924900090
22031,3924900090
22056,4202129190
22177,9404909000
22032,4421910000
22234,4202929890
22088,4202929890
22028,4202929890
22026,4202929890
22145,4202221000
22197,4820103000
22175,9617000000
22101,4202921900
22085,8205510000
22249,3406000000
22134,8472908000
22179,8414510090
22250,3406000000
22038,3824999299
22046,4820103000
22120,4202921100
22049,4820103000
22034,4202929890
22055,8513100000
22158,4202221000
22231,6302939000
22097,4202929190
22155,4202929890
22236,4202929890
22235,4202921100
22027,4202929890
22096,6211431000
22025,6211421000
22022,6109100010
22136,9205909000
22024,6109100010
22020,6109100010
22021,6109100010
22023,6109100010
22019,6109100010
22146,9506999000
22194,5609000000
22126,4202929190
22195,4202929890
22196,4820103000
22202,9608101000
22166,8414510090
22173,8414592590
22252,8414592590
22118,3924900090
22044,7326200090
22215,8531807000
22069,8513100000
22099,6307901000
22185,9031802000
22040,9503009590
22229,8513100000
22098,7326200090
22043,9605000000
22042,8301100000
22090,4202929890
22213,8513100000
22047,1209999990
22226,8512100000
22073,6302910090
22065,9609109000
22248,4202921900
22115,9609909000
22140,4202929890
22138,8438600000
22139,9506999000
22143,8513100000
22147,6505003000
22153,8205510000
22059,9004109100
22067,9004109100
22214,8513100000
22251,
22181,9504908000
22191,8544429090
22178,8544429090
22165,9609109000
22036,6307909899
22156,4202929890
22190,8544429090
22100,3924900090
22121,6307909899
22230,7326200090
22142,6117801000
22091,4202929890
22063,9603909100
22154,4202929190
22066,9004109100
22174,8513100000
22254,8544429090
22182,3926909790
22187,7326200090
22058,7326200090
22172,9503006190
22227,9609109000
22171,9503006190
22104,4202921900
22105,4202921900
22119,3824999299
22092,5609000000
22141,6117801000
22114,9609909000
22086,8205510000
22076,9608200000
22168,9608101000
22071,9608101000
22117,6302910090
22210,3926909790
22074,3926909790
22033,7323930090
22149,6307909899
22212,9605000000
22087,8205510000
22035,3005100000
22072,7326200090
22129,9608101000
22164,9608101000
22239,9608101000
22244,9608101000
22204,9608101000
22206,9608101000
22238,9608101000
22255,9608101000
22203,9608101000
22240,9608101000
22130,9608101000
22131,9608101000
22152,7326200090
22112,9608200000
22243,8513100000
22205,9608101000
22207,9608101000
22183,8205510000
22217,9609109000
22209,7323930090
22208,3926909790
22150,6803009000
22200,4820200000
22246,4820200000
22103,9503004100
22125,4202929190
22095,6214900019
22132,6307909899
22133,3926909790
22135,4202929890
22193,3926909790
22137,3401110000
22148,4202929890
22102,7117900000
22107,2106909285
22111,9405214000
22108,3307200000
22109,3304990000
22116,9610000000
22201,4202321000
22198,4820103000
22211,3926909790
22188,4014100000
22259,9608101000
22260,8513100000
22261,3926909790
22262,8513100000
22263,8518300090
22264,8507600090
22265,8507600090
22266,8507600090
22267,6601992000
22268,4202221000
22269,4820200000
22270,4202929890
22271,6505009090
22272,4202929890
22275,4202229090
22276,6601999000
22277,4202221000
22278,4202929890
22279,4202929190
22280,4202921100
22281,4202929190
22282,4202929190
22283,4202929190
22284,9603298000
22285,4202921100
22286,4202929190
22287,4202929890
22288,6912002510
22289,6912002510
22290,6912002510
22291,6912002390
22292,9608101000
22293,9608101000
22294,7616999099
22295,9608101000
22296,8513100000
22297,7326200090
22298,7326200090
22299,7326200090
22300,7326200090
22301,9609101000
22302,9609101000
22303,9609901000
22304,9608101000
22305,7326200090
22306,3926909790
22307,3926909790
22308,4202121900
22309,9617000000
22310,9617000000
22311,9617000000
22312,9617000000
22313,9617000000
22314,6307909899
22315,4202921100
22316,4202990090
22317,4820103000
22318,8509800000
22319,4202321000
22320,4202125000
22321,8504409590
22322,9617000000
22323,4202929190
22324,4202929890
22325,8518210000
22326,8531807000
22327,8513807000
22328,8513807000
22329,8513807000
22330,8513807000
22331,6307909899
22332,6307909899
22333,3924100090
22334,9609101000
22335,9504908000
22348,9608101000
22349,4202221000
22350,9617000000
22337,6110209900
22338,6105100000
22339,6105100000
22342,6106100000
22343,6106100000
22340,6105100000
22341,6105100000
22344,6105201000
22345,6106100000
22346,6109902000
22347,6109902000
22351,9505900000
22352,4202229090
22353,7616999099
22354,9617000000
22355,9617000000
22356,4202921100
22357,4202921100
22358,9617000000
22359,6601910000
22401,9617000000
22402,9609101000
22403,3924900090
22442,9617000000
22443,3926909790
22444,3926909790
22445,4202321000
22446,4202321000
22457,6505003000
22447,4202921100
22448,4202921100
22360,3924100090
22361,9617000000
22460,
22461,6210200010
22458,4202929890
22449,4202921100
22459,6505009090
22467,7326200090
22468,5609000000
22363,9617000000
22462,4202321000
22463,4202321000
22364,3924100090
22365,4820200000
22450,4202921100
22465,9019109000
22464,4202321000
22451,4202221000
22452,4202229090
22453,4202929190
22454,4202929890
22455,6301401000
22456,6505003000
22366,9617000000
22367,9608101000
22368,8513100000
22404,8513100000
22396,3406000000
22405,3924900090
22406,4820103000
22407,9608101000
22408,9608101000
22409,9608101000
22410,9608101000
22411,9608101000
22412,4820200000
22413,4820200000
22414,4820200000
22362,3304100000
22415,4202929190
22416,9506999000
22419,6505003000
22369,8544429090
22370,8518210000
22371,3926909790
22372,3926909790
22373,3926909790
22374,8539510000
22375,4202929890
22417,6505003000
22397,
22420,8509400000
22421,9017801000
22398,7323930090
22399,8519810090
22422,8504409590
22423,9031802000
22400,4820200000
22418,6505003000
22377,9620009110
22378,8205510000
22424,9608101000
22425,4820200000
22426,4202921900
22428,9617000000
22427,6912002510
22380,7326200090
22430,9608101000
22431,9608101000
22432,9608101000
22381,8470100000
22382,3926909790
22433,9608101000
22384,9608101000
22385,9608101000
22434,9608101000
22386,9608101000
22429,9608101000
22383,9617000000
22435,9608101000
22436,9608200000
22437,9608101000
22387,9608101000
22388,9405114090
22438,9608101000
22389,8518300090
22439,4202929190
22390,3924900090
22391,8414599590
22392,8205400000
22440,4202929190
22393,3924900090
22441,4202929190
22394,9617000000
22395,8544429090
22470,3926909790
2766,
2767,
2768,
2769,
2770,
2771,
22471,8517699000
2773,
